measured_strength,predicted_strength
27.13,38.35388
44.95,34.512817
20.38,32.49716
51.09,48.054012
61.37,63.368767
82.7,82.42822
76.09,79.18956
44.06,44.250763
28.91,28.573143
50.99,57.61665
